{"cameraMode":{"drawMode":0,"name":"Shaded","section":"Shading Mode"},"sceneLighting":true,"audioPlay":false,"sceneViewState":{"showFog":true,"showMaterialUpdate":true,"showSkybox":true,"showFlares":true,"showImageEffects":true,"showParticleSystems":true},"in2DMode":false,"pivot":{"x":349.6384582519531,"y":442.11395263671877,"z":71.43939208984375},"rotation":{"x":-0.0033769854344427587,"y":0.8478947281837463,"z":0.5306337475776672,"w":0.006388080772012472},"size":888.5521850585938,"orthographic":false}